post_title,post_name,post_excerpt,post_content,post_status,post_type,post_date,post_author,categories,tags,featured_image
"Industrial Indigo: The New Luxury Standard","industrial-indigo-new-luxury-standard","How industrial methods and hand-dyed heritage fabrics now define a new era of African luxury.","<p>Luxury is being redefined by process, not just appearance. At Diensa by Ansah, industrial consistency and hand-dyed craft now sit in the same design language.</p><p>Our teams begin with precise pattern engineering, then layer artisan dye narratives that carry memory, symbolism, and regional identity. The outcome is refined, scalable, and deeply cultural.</p><p>This is the future of premium fashion in Africa: quality measured both by technical discipline and by the meaning woven into every piece.</p>","publish","post","2026-04-05 09:00:00","admin","Craft & Innovation","indigo, luxury fashion, african design","https://images.unsplash.com/photo-1594633312681-425c7b97ccd1?auto=format&fit=crop&w=1400&q=80"
"Why Adire Still Matters in 2026","why-adire-still-matters-2026","Adire remains relevant because it evolves with modern tailoring while preserving cultural integrity.","<p>Adire is not a trend; it is a system of storytelling through dye. In 2026, its relevance is stronger than ever because designers are pairing heritage motifs with modern structure.</p><p>At our atelier, we treat Adire as both archive and blueprint. We preserve artisanal techniques while integrating performance fabrics, cleaner construction, and contemporary fit standards.</p><p>The result is clothing that feels current without disconnecting from origin. That balance is exactly why Adire continues to shape global conversations about identity and style.</p>","publish","post","2026-04-06 09:00:00","admin","Heritage","adire, textile heritage, west african fashion","https://images.unsplash.com/photo-1515886657613-9f3515b0c78f?auto=format&fit=crop&w=1400&q=80"
"Inside Our Douala Production Workflow","inside-our-douala-production-workflow","A behind-the-scenes look at how Diensa pieces move from sketch to finished garment.","<p>Every garment begins with digital pattern drafting, where fit, proportion, and movement are modeled before cutting starts. This stage reduces waste and improves precision.</p><p>After cutting, materials move to artisan finishing where signature details are applied by hand. This includes embroidery accents, trims, and selective surface treatments.</p><p>Final quality control combines visual checks and wear simulation. By the time a piece reaches customers, it has passed both engineering standards and craft standards.</p>","publish","post","2026-04-07 09:00:00","admin","Manufacturing","atelier, production, quality control","https://images.unsplash.com/photo-1517048676732-d65bc937f952?auto=format&fit=crop&w=1400&q=80"
"The Rise of Structured Feminine Silhouettes","rise-of-structured-feminine-silhouettes","How stronger lines and softer drape are shaping a powerful new womenswear identity.","<p>Today’s women’s tailoring is moving toward intentional structure—defined shoulders, sculpted waists, and balanced volume. This does not remove softness; it frames it.</p><p>Our design direction uses measured construction to support movement rather than restrict it. We combine support fabrics with flowing layers to create confidence in motion.</p><p>The appeal is clear: pieces that communicate authority while remaining elegant, breathable, and wearable from morning meetings to evening events.</p>","publish","post","2026-04-08 09:00:00","admin","Style Direction","womenswear, tailoring, silhouette","https://images.unsplash.com/photo-1483985988355-763728e1935b?auto=format&fit=crop&w=1400&q=80"
"From Concept to Collection: 6-Week Sprint","from-concept-to-collection-6-week-sprint","A practical timeline showing how a focused team can launch a refined capsule quickly.","<p>Week 1 starts with theme definition, reference mapping, and technical constraints. Clear direction at this stage prevents expensive redesigns later.</p><p>Weeks 2 to 4 are dedicated to prototyping, fit revisions, and material finalization. We test each piece for comfort, durability, and style coherence.</p><p>Weeks 5 and 6 focus on pre-production and launch readiness. With disciplined checkpoints, a six-week sprint can produce a collection that feels deliberate—not rushed.</p>","publish","post","2026-04-09 09:00:00","admin","Operations","collection planning, fashion process, design sprint","https://images.unsplash.com/photo-1524504388940-b1c1722653e1?auto=format&fit=crop&w=1400&q=80"
"Sustainable Fabric Choices That Actually Scale","sustainable-fabric-choices-that-actually-scale","Sustainability works best when material choices are both ethical and production-ready.","<p>Many sustainable initiatives fail because they ignore supply realities. We prioritize fabrics that can be sourced responsibly and replenished consistently.</p><p>Our material strategy focuses on traceable cotton blends, low-impact dye processes, and predictable lead times. This supports both environmental goals and delivery commitments.</p><p>True sustainability in fashion is operational. It is built into sourcing calendars, production planning, and long-term supplier relationships.</p>","publish","post","2026-04-10 09:00:00","admin","Sustainability","ethical sourcing, sustainable fashion, materials","https://images.unsplash.com/photo-1529139574466-a303027c1d8b?auto=format&fit=crop&w=1400&q=80"
"Designing for Heat: Luxury in Tropical Climates","designing-for-heat-luxury-in-tropical-climates","Breathable luxury requires smarter cuts, lighter layers, and climate-aware materials.","<p>Tropical luxury is about engineering comfort without sacrificing elegance. Fabric weight, seam placement, and ventilation zones become core design decisions.</p><p>We prioritize breathable fibers and looser air channels while preserving sharp visual lines. Strategic paneling keeps garments polished and practical in warm conditions.</p><p>The result is clothing designed for real climates and real movement—an approach that should become standard in global fashion design.</p>","publish","post","2026-04-11 09:00:00","admin","Design & Climate","tropical fashion, breathable fabrics, luxury wear","https://images.unsplash.com/photo-1539109136881-3be0616acf4b?auto=format&fit=crop&w=1400&q=80"
"How We Build Signature Product Notes","how-we-build-signature-product-notes","A simple framework for writing product notes that sell quality, not hype.","<p>Strong product notes explain value in one glance. We focus on construction, material, and intended wear context—then keep language precise.</p><p>Each note starts with what makes the piece distinct, followed by one practical benefit. This gives customers confidence and reduces uncertainty before purchase.</p><p>Great product copy is concise, truthful, and visual. It should feel like guidance from a stylist, not marketing noise.</p>","publish","post","2026-04-12 09:00:00","admin","Commerce","product copy, ecommerce, conversion","https://images.unsplash.com/photo-1521572163474-6864f9cf17ab?auto=format&fit=crop&w=1400&q=80"
"The Business Case for Artisan Collaboration","business-case-for-artisan-collaboration","Collaborating with artisans improves product quality, brand distinction, and long-term loyalty.","<p>Artisan collaboration is often viewed as cultural branding, but it is also strong business strategy. It introduces craftsmanship that machine-only workflows cannot replicate.</p><p>These details become product differentiators, improving perceived value and reducing direct price competition. Customers remember texture, finish, and story.</p><p>When collaboration is structured fairly—with training, visibility, and consistent payment—it creates durable ecosystems that strengthen both brand and community.</p>","publish","post","2026-04-13 09:00:00","admin","Business","artisan economy, brand strategy, craftsmanship","https://images.unsplash.com/photo-1548126032-079a0fb0099d?auto=format&fit=crop&w=1400&q=80"
"What’s Next for Diensa by Ansah","whats-next-for-diensa-by-ansah","Our next chapter centers on scale, storytelling, and global partnerships rooted in African excellence.","<p>The next phase of Diensa by Ansah is focused on intentional growth. We are expanding collections, improving lead times, and deepening product consistency across categories.</p><p>At the same time, we are investing in editorial storytelling to document process, people, and craft. This helps customers connect with the value behind every garment.</p><p>As partnerships expand, our core remains unchanged: build modern African luxury with discipline, dignity, and long-term impact.</p>","publish","post","2026-04-14 09:00:00","admin","Brand","diensa by ansah, growth, african luxury","https://images.unsplash.com/photo-1484515991647-c5760fcec7a6?auto=format&fit=crop&w=1400&q=80"
